2026-01-01,AonachMhor
2026-01-03,GreenmantleDash
2026-01-03,El-Brim-IckDash
2026-01-11,FalklandYomp
2026-01-18,FeelTheBurns
2026-01-22,DessWoods
2026-02-08,FetteressoForestMarathon
2026-02-12,PotarchNightRace
2026-02-28,SnowRunningGlenshee
2026-03-01,BishopHill
2026-03-07,RA-0808: Ochil Hill Relays
2026-03-14,CraigDunain
2026-03-21,Chapelgill
2026-03-22,Criffel
2026-03-28,NormansLaw
2026-03-28,RA-0556: Birnam Hill Classic
2026-03-29,DeucharyHillCanter
2026-04-04,BeinnRatha
2026-04-04,EagleCrag
2026-04-07,Krunce
2026-04-11,HeartOfGranite
2026-04-11,BrucesCrown
2026-04-11,Screel
2026-04-11,Clachnaben
2026-04-11,RA-0809: RunThrough 53K Trail Race
2026-04-11,BenLedi
2026-04-11,RA-0804: European Off-Road Running Championships Trial
2026-04-15,Kaim
2026-04-18,HuntersBogTrot
2026-04-18,RA-0798: Ben Chonzie Hill Race
2026-04-19,RA-0777: Dumyat Junior Races
2026-04-22,BeinnDubh
2026-04-22,Newtyle
2026-04-26,RA-0612: Lomonds of Fife Junior Race
2026-04-29,WhangieWhizz
2026-05-01,RA-0805: European Off-Road Running Championships Uphill Only Trial
2026-05-02,Stuc-aChroin
2026-05-03,RA-0700: Inter-Counties Fell Running Championship
2026-05-03,RA-0806: European Off-Road Running Championships Up & Down Trial
2026-05-05,Krunce
2026-05-06,Dumyat
2026-05-09,BenLomond
2026-05-13,BenSheann
2026-05-14,Pressendye
2026-05-15,RA-0041: Scottish Island Peaks Race
2026-05-16,GlasTulaicheanUphill
2026-05-16,Goatfell
2026-05-16,BroughtonJuniorRaces
2026-05-21,Kinnoull
2026-05-23,Jura
2026-05-27,GypsyGlen
2026-05-30,Durisdeer
2026-06-02,Krunce
2026-06-03,RedMossKilps
2026-06-05,RA-0792: European Off-Road Running Championships
2026-06-06,TwoMamores
2026-06-06,RA-0782: Braemar Junior Highland Games
2026-06-06,HelensburghGames
2026-06-06,Gargunnock
2026-06-06,TrotternishRidge
2026-06-07,Dunnydeer
2026-06-07,Saughhill
2026-06-07,Yetholm
2026-06-10,Turnhouse
2026-06-13,RA-0731: Cornalees Junior & Senior Hill Races
2026-06-13,TheBrack
2026-06-13,TraprainLaw
2026-06-13,GlenRosaHorseshoe
2026-06-14,SliochHorseshoe
2026-06-14,RA-0807: Junior Intercounties
2026-06-17,RA-0810: Benarty Hill Race
2026-06-17,Cort-maLaw
2026-06-18,BalmedieBeachRace
2026-06-20,LawBreaker
2026-06-20,RA-0654: Eildon 3 Hills
2026-06-21,RA-0723: International Youth Cup
2026-06-24,Allermuir
2026-06-26,RA-0535: World Masters Championships
2026-06-26,WhiteTops
2026-06-27,RA-0146: Drumtochty Games (Finella Hill Race)
2026-06-27,ArrocharAlps
2026-06-27,RA-0715: Senior Home International
2026-06-28,LairigGhru
2026-07-01,KilpatricksCaper
2026-07-04,Dollar
2026-07-04,Melantee
2026-07-04,Clashmach
2026-07-05,HalfNevis
2026-07-05,SevenHillsofEdinburgh
2026-07-06,CowHill
2026-07-07,EarlstonBlackHill
2026-07-07,Krunce
2026-07-08,MaddyMoss
2026-07-11,Alva
2026-07-11,Glamaig
2026-07-11,RA-0793: British Championship - Short
2026-07-15,CairnTable
2026-07-16,MitherTap
2026-07-18,Snowdon
2026-07-18,TaynuiltGames
2026-07-18,RA-0473: Lochcarron Games Hill Race
2026-07-18,LeePen
2026-07-18,Tom-naBat
2026-07-25,FalklandHillRace
2026-07-25,BenRinnes
2026-07-26,TheCobbler
2026-07-29,NorthBerwickLaw
2026-08-01,CreagDhubh
2026-08-04,RA-0482: Krunce Series Race #5
2026-08-05,IsleOfSkyeGames
2026-08-05,KillinGames
2026-08-08,Strathpeffer
2026-08-08,AberfeldyGames
2026-08-08,Tarland
2026-08-12,CaerkettonHillRace
2026-08-13,BallaterGames
2026-08-15,LomondsOfFife
2026-08-15,GreatWildernessChallenge
2026-08-15,Tap-oNoth
2026-08-15,Oldhamstocks
2026-08-16,CademuirRollercoaster
2026-08-16,Mormond
2026-08-22,Ochil2000s
2026-08-29,RA-0195: Simon Wake Comrie Hills Relay
2026-09-01,RA-0483: Krunce Series Race #6
2026-09-02,CaerkettonDownhill
2026-09-05,BraemarGathering
2026-09-05,BenNevis
2026-09-11,RA-0538: European Masters Championships
2026-09-12,RA-0562: Junior Home International
2026-09-12,RA-0794: British Championship - Long
2026-09-12,CairnWilliam
2026-09-13,Merrick
2026-09-19,SuidheHill
2026-09-19,RA-0631: Applecross Duathlon
2026-09-20,CreagBheag
2026-09-20,Bennachie
2026-09-26,TwoBreweries
2026-09-26,Meall-aBhuachaille
2026-10-03,RA-0671: Yetholm Shepherds Show Race
2026-10-03,Morven
2026-10-10,ManorWater
2026-10-10,BennachieHillUltraMarathon
2026-10-11,CarnethySkyloop
2026-10-11,CraigOBarns
2026-10-17,RA-0524: British Fell & Hill Relay Championships
2026-10-18,Lilliesleaf
2026-10-24,RunOfTheMill
2026-10-25,RA-0802: Trofeo Vanoni Relays
2026-10-31,Tinto
2026-11-07,Knockfarrel
2026-11-14,GightEightTrailRace
2026-12-12,Cairnsmore
2026-12-19,KirkCraigs
2026-12-26,CruimLeacainn
